Workbook

Sheet matching dist
A1: State | B1: District | C1: Rural/Urban | D1: Match1 | E1: Match2 | H1: District
A2: ANDAMAN & NICOBAR ISLANDS | B2: ANDAMANS | C2: TOTAL | D2: =VLOOKUP(B2,'lgd data'!E:E,1,FALSE) -> #N/A | E2: =VLOOKUP(B2,'lgd data'!F:F,1,FALSE) -> #N/A | H2: ANDAMANS
A3: ANDAMAN & NICOBAR ISLANDS | B3: MIDDLE AND NORTH ANDAMANS | C3: TOTAL | D3: =VLOOKUP(B3,'lgd data'!E:E,1,FALSE) -> #N/A | E3: =VLOOKUP(B3,'lgd data'!F:F,1,FALSE) -> #N/A | H3: MIDDLE AND NORTH ANDAMANS
A4: ANDAMAN & NICOBAR ISLANDS | B4: NICOBARS | C4: TOTAL | D4: =VLOOKUP(B4,'lgd data'!E:E,1,FALSE) -> Nicobars | E4: =VLOOKUP(B4,'lgd data'!F:F,1,FALSE) -> NICOBARS | H4: NICOBARS
A5: ANDHRA PRADESH | B5: ANAKAPALLI | C5: TOTAL | D5: =VLOOKUP(B5,'lgd data'!E:E,1,FALSE) -> Anakapalli | E5: =VLOOKUP(B5,'lgd data'!F:F,1,FALSE) -> Anakapalli | H5: ANAKAPALLI
A6: ANDHRA PRADESH | B6: ANANTAPUR | C6: TOTAL | D6: =VLOOKUP(B6,'lgd data'!E:E,1,FALSE) -> #N/A | E6: =VLOOKUP(B6,'lgd data'!F:F,1,FALSE) -> #N/A | H6: ANANTAPUR
A7: ANDHRA PRADESH | B7: ANNAMAYYA | C7: TOTAL | D7: =VLOOKUP(B7,'lgd data'!E:E,1,FALSE) -> Annamayya | E7: =VLOOKUP(B7,'lgd data'!F:F,1,FALSE) -> Annamayya | H7: ANNAMAYYA
A8: ANDHRA PRADESH | B8: ASR | C8: TOTAL | E8: =VLOOKUP(B8,'lgd data'!F:F,1,FALSE) -> #N/A | H8: ASR
A9: ANDHRA PRADESH | B9: BAPATLA | C9: TOTAL | D9: =VLOOKUP(B9,'lgd data'!E:E,1,FALSE) -> Bapatla | E9: =VLOOKUP(B9,'lgd data'!F:F,1,FALSE) -> Bapatla | H9: BAPATLA
A10: ANDHRA PRADESH | B10: CHITTOOR | C10: TOTAL | D10: =VLOOKUP(B10,'lgd data'!E:E,1,FALSE) -> Chittoor | E10: =VLOOKUP(B10,'lgd data'!F:F,1,FALSE) -> CHITTOOR | H10: CHITTOOR
A11: ANDHRA PRADESH | B11: EAST GODAVARI | C11: TOTAL | D11: =VLOOKUP(B11,'lgd data'!E:E,1,FALSE) -> East Godavari | E11: =VLOOKUP(B11,'lgd data'!F:F,1,FALSE) -> EAST GODAVARI | H11: EAST GODAVARI
A12: ANDHRA PRADESH | B12: ELURU | C12: TOTAL | D12: =VLOOKUP(B12,'lgd data'!E:E,1,FALSE) -> Eluru | E12: =VLOOKUP(B12,'lgd data'!F:F,1,FALSE) -> Eluru | H12: ELURU
A13: ANDHRA PRADESH | B13: GUNTUR | C13: TOTAL | D13: =VLOOKUP(B13,'lgd data'!E:E,1,FALSE) -> Guntur | E13: =VLOOKUP(B13,'lgd data'!F:F,1,FALSE) -> GUNTUR | H13: GUNTUR
A14: ANDHRA PRADESH | B14: KADAPA | C14: TOTAL | D14: =VLOOKUP(B14,'lgd data'!E:E,1,FALSE) -> #N/A | E14: =VLOOKUP(B14,'lgd data'!F:F,1,FALSE) -> #N/A | H14: KADAPA
A15: ANDHRA PRADESH | B15: KAKINADA | C15: TOTAL | D15: =VLOOKUP(B15,'lgd data'!E:E,1,FALSE) -> Kakinada | E15: =VLOOKUP(B15,'lgd data'!F:F,1,FALSE) -> Kakinada | H15: KAKINADA
A16: ANDHRA PRADESH | B16: KONASEEMA | C16: TOTAL | D16: =VLOOKUP(B16,'lgd data'!E:E,1,FALSE) -> #N/A | E16: =VLOOKUP(B16,'lgd data'!F:F,1,FALSE) -> #N/A | H16: KONASEEMA
A17: ANDHRA PRADESH | B17: KRISHNA | C17: TOTAL | D17: =VLOOKUP(B17,'lgd data'!E:E,1,FALSE) -> Krishna | E17: =VLOOKUP(B17,'lgd data'!F:F,1,FALSE) -> KRISHNA | H17: KRISHNA
A18: ANDHRA PRADESH | B18: KURNOOL | C18: TOTAL | D18: =VLOOKUP(B18,'lgd data'!E:E,1,FALSE) -> Kurnool | E18: =VLOOKUP(B18,'lgd data'!F:F,1,FALSE) -> KURNOOL | H18: KURNOOL
A19: ANDHRA PRADESH | B19: MANYAM | C19: TOTAL | D19: =VLOOKUP(B19,'lgd data'!E:E,1,FALSE) -> #N/A | E19: =VLOOKUP(B19,'lgd data'!F:F,1,FALSE) -> #N/A | H19: MANYAM
A20: ANDHRA PRADESH | B20: NANDYAL | C20: TOTAL | D20: =VLOOKUP(B20,'lgd data'!E:E,1,FALSE) -> Nandyal | E20: =VLOOKUP(B20,'lgd data'!F:F,1,FALSE) -> Nandyal | H20: NANDYAL
... A799: WEST BENGAL | B799: UTTAR DINAJPUR | C799: TOTAL | D799: =VLOOKUP(B799,'lgd data'!E:E,1,FALSE) -> Uttar Dinajpur | E799: =VLOOKUP(B799,'lgd data'!F:F,1,FALSE) -> UTTAR DINAJPUR | H799: UTTAR DINAJPUR

Sheet lgd data
A1: S No | B1: State Code | C1: State Name | D1: District LGD Code | E1: District Name (In English) | F1: District Name (In Local language) | G1: Hierarchy | H1: Short Name of District | I1: Census 2001 Code | J1: Census2011 Code | K1: Pesa Status | L1: View Details | M1: View History | N1: View Government Order | O1: View Map
A2: 1 | B2: 35 | C2: Andaman And Nicobar Islands(State) | D2: 603 | E2: Nicobars | F2: NICOBARS | G2: Andaman And Nicobar Islands(State) | H2: NIC | I2: 02 | J2: 638 | K2: Not Covered
A3: 2 | B3: 35 | C3: Andaman And Nicobar Islands(State) | D3: 632 | E3: North And Middle Andaman | F3: NORTH AND MIDDLE ANDAMAN | G3: Andaman And Nicobar Islands(State) | H3: NMA | J3: 639 | K3: Not Covered
A4: 3 | B4: 35 | C4: Andaman And Nicobar Islands(State) | D4: 602 | E4: South Andamans | F4: SOUTH ANDAMANS | G4: Andaman And Nicobar Islands(State) | H4: SAS | I4: 01 | J4: 640 | K4: Not Covered
A5: 4 | B5: 28 | C5: Andhra Pradesh(State) | D5: 745 | E5: Alluri Sitharama Raju | F5: Alluri Sitharama Raju | G5: Andhra Pradesh(State) | H5: LLR | J5: 000 | K5: Not Covered
A6: 5 | B6: 28 | C6: Andhra Pradesh(State) | D6: 744 | E6: Anakapalli | F6: Anakapalli | G6: Andhra Pradesh(State) | H6: NKP | J6: 000 | K6: Not Covered
A7: 6 | B7: 28 | C7: Andhra Pradesh(State) | D7: 502 | E7: Ananthapuramu | F7: అనంతపురము | G7: Andhra Pradesh(State) | H7: ANT | I7: 22 | J7: 553 | K7: Not Covered
A8: 7 | B8: 28 | C8: Andhra Pradesh(State) | D8: 753 | E8: Annamayya | F8: Annamayya | G8: Andhra Pradesh(State) | H8: NNM | J8: 000 | K8: Not Covered
A9: 8 | B9: 28 | C9: Andhra Pradesh(State) | D9: 750 | E9: Bapatla | F9: Bapatla | G9: Andhra Pradesh(State) | H9: BPT | J9: 000 | K9: Not Covered
A10: 9 | B10: 28 | C10: Andhra Pradesh(State) | D10: 503 | E10: Chittoor | F10: CHITTOOR | G10: Andhra Pradesh(State) | H10: CHI | I10: 23 | J10: 554 | K10: Not Covered
A11: 10 | B11: 28 | C11: Andhra Pradesh(State) | D11: 747 | E11: Dr. B.R. Ambedkar Konaseema | F11: డా బి ఆర్ అంబేడ్కర్ కోనసీమ | G11: Andhra Pradesh(State) | H11: KNS | J11: 000 | K11: Not Covered
A12: 11 | B12: 28 | C12: Andhra Pradesh(State) | D12: 505 | E12: East Godavari | F12: EAST GODAVARI | G12: Andhra Pradesh(State) | H12: EGI | I12: 14 | J12: 545 | K12: Not Covered
A13: 12 | B13: 28 | C13: Andhra Pradesh(State) | D13: 748 | E13: Eluru | F13: Eluru | G13: Andhra Pradesh(State) | H13: LR | J13: 000 | K13: Not Covered
A14: 13 | B14: 28 | C14: Andhra Pradesh(State) | D14: 506 | E14: Guntur | F14: GUNTUR | G14: Andhra Pradesh(State) | H14: GNT | I14: 17 | J14: 548 | K14: Not Covered
A15: 14 | B15: 28 | C15: Andhra Pradesh(State) | D15: 746 | E15: Kakinada | F15: Kakinada | G15: Andhra Pradesh(State) | H15: KKN | J15: 000 | K15: Not Covered
A16: 15 | B16: 28 | C16: Andhra Pradesh(State) | D16: 510 | E16: Krishna | F16: KRISHNA | G16: Andhra Pradesh(State) | H16: KRS | I16: 16 | J16: 547 | K16: Not Covered
A17: 16 | B17: 28 | C17: Andhra Pradesh(State) | D17: 511 | E17: Kurnool | F17: KURNOOL | G17: Andhra Pradesh(State) | H17: KUR | I17: 21 | J17: 552 | K17: Not Covered
A18: 17 | B18: 28 | C18: Andhra Pradesh(State) | D18: 755 | E18: Nandyal | F18: Nandyal | G18: Andhra Pradesh(State) | H18: NND | J18: 000 | K18: Not Covered
A19: 18 | B19: 28 | C19: Andhra Pradesh(State) | D19: 749 | E19: Ntr | F19: NTR | G19: Andhra Pradesh(State) | H19: TNR | J19: 000 | K19: Not Covered
A20: 19 | B20: 28 | C20: Andhra Pradesh(State) | D20: 751 | E20: Palnadu | F20: Palnadu | G20: Andhra Pradesh(State) | H20: PLN | J20: 000 | K20: Not Covered
A21: 20 | B21: 28 | C21: Andhra Pradesh(State) | D21: 743 | E21: Parvathipuram Manyam | F21: Parvathipuram Manyam | G21: Andhra Pradesh(State) | H21: PRV | J21: 000 | K21: Not Covered
A22: 21 | B22: 28 | C22: Andhra Pradesh(State) | D22: 517 | E22: Prakasam | F22: PRAKASAM | G22: Andhra Pradesh(State) | H22: PRA | I22: 18 | J22: 549 | K22: Not Covered
A23: 22 | B23: 28 | C23: Andhra Pradesh(State) | D23: 519 | E23: Srikakulam | F23: SRIKAKULAM | G23: Andhra Pradesh(State) | H23: SRK | I23: 11 | J23: 542 | K23: Not Covered
A24: 23 | B24: 28 | C24: Andhra Pradesh(State) | D24: 515 | E24: Sri Potti Sriramulu Nellore | F24: శ్రీ పొట్టి శ్రీరాములు నెల్లూరు | G24: Andhra Pradesh(State) | H24: NEL | I24: 19 | J24: 550 | K24: Not Covered
A25: 24 | B25: 28 | C25: Andhra Pradesh(State) | D25: 754 | E25: Sri Sathya Sai | F25: Sri Sathya Sai | G25: Andhra Pradesh(State) | H25: SSS | J25: 000 | K25: Not Covered
A26: 25 | B26: 28 | C26: Andhra Pradesh(State) | D26: 752 | E26: Tirupati | F26: Tirupati | G26: Andhra Pradesh(State) | H26: TPT | J26: 000 | K26: Not Covered
A27: 26 | B27: 28 | C27: Andhra Pradesh(State) | D27: 520 | E27: Visakhapatnam | F27: విశాఖపట్నం | G27: Andhra Pradesh(State) | H27: VSK | I27: 13 | J27: 544 | K27: Not Covered
A28: 27 | B28: 28 | C28: Andhra Pradesh(State) | D28: 521 | E28: Vizianagaram | F28: VIZIANAGARAM | G28: Andhra Pradesh(State) | H28: VNG | I28: 12 | J28: 543 | K28: Not Covered
A29: 28 | B29: 28 | C29: Andhra Pradesh(State) | D29: 523 | E29: West Godavari | F29: పశ్చిమగోదావరి | G29: Andhra Pradesh(State) | H29: WGI | I29: 15 | J29: 546 | K29: Not Covered
A30: 29 | B30: 28 | C30: Andhra Pradesh(State) | D30: 504 | E30: Y.S.R. Kadapa | F30: వై.ఎస్.ఆర్. కడప | G30: Andhra Pradesh(State) | H30: CUD | I30: 20 | J30: 551 | K30: Not Covered
A31: 30 | B31: 12 | C31: Arunachal Pradesh(State) | D31: 628 | E31: Anjaw | G31: Arunachal Pradesh(State) | H31: ANJ | J31: 260 | K31: Not Covered
A32: 31 | B32: 12 | C32: Arunachal Pradesh(State) | D32: 787 | E32: Bichom | F32: Bichom | G32: Arunachal Pradesh(State) | K32: Not Covered
A33: 32 | B33: 12 | C33: Arunachal Pradesh(State) | D33: 229 | E33: Changlang | F33: CHANGLANG | G33: Arunachal Pradesh(State) | H33: CHG | I33: 12 | J33: 253 | K33: Not Covered
A34: 33 | B34: 12 | C34: Arunachal Pradesh(State) | D34: 230 | E34: Dibang Valley | F34: DIBANG VALLEY | G34: Arunachal Pradesh(State) | H34: DBN | I34: 10 | J34: 257 | K34: Not Covered
A35: 34 | B35: 12 | C35: Arunachal Pradesh(State) | D35: 231 | E35: East Kameng | F35: EAST KAMENG | G35: Arunachal Pradesh(State) | H35: EKG | I35: 03 | J35: 247 | K35: Not Covered
A36: 35 | B36: 12 | C36: Arunachal Pradesh(State) | D36: 232 | E36: East Siang | F36: EAST SIANG | G36: Arunachal Pradesh(State) | H36: ESG | I36: 08 | J36: 251 | K36: Not Covered
A37: 36 | B37: 12 | C37: Arunachal Pradesh(State) | D37: 718 | E37: Kamle | F37: KAMLE | G37: Arunachal Pradesh(State) | H37: KML | J37: 000 | K37: Not Covered
A38: 37 | B38: 12 | C38: Arunachal Pradesh(State) | D38: 786 | E38: Keyi Panyor | F38: Keyi Panyor | G38: Arunachal Pradesh(State) | K38: Not Covered
A39: 38 | B39: 12 | C39: Arunachal Pradesh(State) | D39: 677 | E39: Kra Daadi | F39: KRA DAADI | G39: Arunachal Pradesh(State) | H39: KRD | J39: 000 | K39: Not Covered
A40: 39 | B40: 12 | C40: Arunachal Pradesh(State) | D40: 233 | E40: Kurung Kumey | F40: KURUNG KUMEY | G40: Arunachal Pradesh(State) | H40: KKY | I40: 14 | J40: 256 | K40: Not Covered
A41: 40 | B41: 12 | C41: Arunachal Pradesh(State) | D41: 724 | E41: Leparada | F41: LEPARADA | G41: Arunachal Pradesh(State) | H41: LPR | J41: 000 | K41: Not Covered
A42: 41 | B42: 12 | C42: Arunachal Pradesh(State) | D42: 234 | E42: Lohit | F42: LOHIT | G42: Arunachal Pradesh(State) | H42: LHT | I42: 11 | J42: 259 | K42: Not Covered
A43: 42 | B43: 12 | C43: Arunachal Pradesh(State) | D43: 666 | E43: Longding | F43: LONGDING | G43: Arunachal Pradesh(State) | H43: LDG | J43: 000 | K43: Not Covered
A44: 43 | B44: 12 | C44: Arunachal Pradesh(State) | D44: 235 | E44: Lower Dibang Valley | F44: LOWER DIBANG VALLEY | G44: Arunachal Pradesh(State) | H44: LDV | I44: 15 | J44: 258 | K44: Not Covered
A45: 44 | B45: 12 | C45: Arunachal Pradesh(State) | D45: 719 | E45: Lower Siang | F45: LOWER SIANG | G45: Arunachal Pradesh(State) | H45: LWR | J45: 000 | K45: Not Covered
A46: 45 | B46: 12 | C46: Arunachal Pradesh(State) | D46: 236 | E46: Lower Subansiri | F46: LOWER SUBANSIRI | G46: Arunachal Pradesh(State) | H46: LSI | I46: 05 | J46: 255 | K46: Not Covered
A47: 46 | B47: 12 | C47: Arunachal Pradesh(State) | D47: 678 | E47: Namsai | G47: Arunachal Pradesh(State) | H47: NMS | J47: 000 | K47: Not Covered
A48: 47 | B48: 12 | C48: Arunachal Pradesh(State) | D48: 723 | E48: Pakke Kessang | F48: PAKKE KESSANG | G48: Arunachal Pradesh(State) | H48: PKK | J48: 000 | K48: Not Covered
A49: 48 | B49: 12 | C49: Arunachal Pradesh(State) | D49: 237 | E49: Papum Pare | F49: PAPUM PARE | G49: Arunachal Pradesh(State) | H49: PPM | I49: 04 | J49: 248 | K49: Not Covered
A50: 49 | B50: 12 | C50: Arunachal Pradesh(State) | D50: 725 | E50: Shi Yomi | F50: SHI YOMI | G50: Arunachal Pradesh(State) | H50: SHY | J50: 000 | K50: Not Covered
A51: 50 | B51: 12 | C51: Arunachal Pradesh(State) | D51: 679 | E51: Siang | G51: Arunachal Pradesh(State) | H51: SAN | J51: 000 | K51: Not Covered
A52: 51 | B52: 12 | C52: Arunachal Pradesh(State) | D52: 238 | E52: Tawang | F52: TAWANG | G52: Arunachal Pradesh(State) | H52: TWN | I52: 01 | J52: 245 | K52: Not Covered
A53: 52 | B53: 12 | C53: Arunachal Pradesh(State) | D53: 239 | E53: Tirap | F53: TIRAP | G53: Arunachal Pradesh(State) | H53: TRP | I53: 13 | J53: 254 | K53: Not Covered
A54: 53 | B54: 12 | C54: Arunachal Pradesh(State) | D54: 240 | E54: Upper Siang | F54: UPPER SIANG | G54: Arunachal Pradesh(State) | H54: USG | I54: 09 | J54: 252 | K54: Not Covered
A55: 54 | B55: 12 | C55: Arunachal Pradesh(State) | D55: 241 | E55: Upper Subansiri | F55: UPPER SUBANSIRI | G55: Arunachal Pradesh(State) | H55: USI | I55: 06 | J55: 249 | K55: Not Covered
A56: 55 | B56: 12 | C56: Arunachal Pradesh(State) | D56: 242 | E56: West Kameng | F56: WEST KAMENG | G56: Arunachal Pradesh(State) | H56: WKG | I56: 02 | J56: 246 | K56: Not Covered
A57: 56 | B57: 12 | C57: Arunachal Pradesh(State) | D57: 243 | E57: West Siang | F57: WEST SIANG | G57: Arunachal Pradesh(State) | H57: WSG | I57: 07 | J57: 250 | K57: Not Covered
A58: 57 | B58: 18 | C58: Assam(State) | D58: 739 | E58: Bajali | G58: Assam(State) | H58: BJL | J58: 000 | K58: Not Covered
A59: 58 | B59: 18 | C59: Assam(State) | D59: 616 | E59: Baksa | G59: Assam(State) | H59: BAK | J59: 324 | K59: Not Covered
A60: 59 | B60: 18 | C60: Assam(State) | D60: 280 | E60: Barpeta | F60: BARPETA | G60: Assam(State) | H60: BAR | I60: 05 | J60: 303 | K60: Not Covered
A61: 60 | B61: 18 | C61: Assam(State) | D61: 705 | E61: Biswanath | G61: Assam(State) | H61: BSW | J61: 000 | K61: Not Covered
A62: 61 | B62: 18 | C62: Assam(State) | D62: 281 | E62: Bongaigaon | F62: BONGAIGAON | G62: Assam(State) | H62: BNG | I62: 04 | J62: 319 | K62: Not Covered
A63: 62 | B63: 18 | C63: Assam(State) | D63: 282 | E63: Cachar | F63: CACHAR | G63: Assam(State) | H63: CCH | I63: 21 | J63: 316 | K63: Not Covered
A64: 63 | B64: 18 | C64: Assam(State) | D64: 708 | E64: Charaideo | G64: Assam(State) | H64: CID | J64: 000 | K64: Not Covered
A65: 64 | B65: 18 | C65: Assam(State) | D65: 612 | E65: Chirang | G65: Assam(State) | H65: CRG | J65: 320 | K65: Not Covered
A66: 65 | B66: 18 | C66: Assam(State) | D66: 283 | E66: Darrang | F66: DARRANG | G66: Assam(State) | H66: DRR | I66: 08 | J66: 325 | K66: Not Covered
A67: 66 | B67: 18 | C67: Assam(State) | D67: 284 | E67: Dhemaji | F67: DHEMAJI | G67: Assam(State) | H67: DHM | I67: 13 | J67: 308 | K67: Not Covered
A68: 67 | B68: 18 | C68: Assam(State) | D68: 285 | E68: Dhubri | F68: DHUBURI | G68: Assam(State) | H68: DHB | I68: 02 | J68: 301 | K68: Not Covered
A69: 68 | B69: 18 | C69: Assam(State) | D69: 286 | E69: Dibrugarh | F69: DIBRUGARH | G69: Assam(State) | H69: DBR | I69: 15 | J69: 310 | K69: Not Covered
A70: 69 | B70: 18 | C70: Assam(State) | D70: 299 | E70: Dima Hasao | F70: DIMA HASAO | G70: Assam(State) | H70: DHO | I70: 20 | J70: 315 | K70: Not Covered
A71: 70 | B71: 18 | C71: Assam(State) | D71: 287 | E71: Goalpara | F71: GOALPARA | G71: Assam(State) | H71: GLP | I71: 03 | J71: 302 | K71: Not Covered
A72: 71 | B72: 18 | C72: Assam(State) | D72: 288 | E72: Golaghat | F72: GOLAGHAT | G72: Assam(State) | H72: GLG | I72: 18 | J72: 313 | K72: Not Covered
A73: 72 | B73: 18 | C73: Assam(State) | D73: 289 | E73: Hailakandi | F73: HAILAKANDI | G73: Assam(State) | H73: HLK | I73: 23 | J73: 318 | K73: Not Covered
A74: 73 | B74: 18 | C74: Assam(State) | D74: 709 | E74: Hojai | G74: Assam(State) | H74: HJ | J74: 000 | K74: Not Covered
A75: 74 | B75: 18 | C75: Assam(State) | D75: 290 | E75: Jorhat | F75: JORHAT | G75: Assam(State) | H75: JRH | I75: 17 | J75: 312 | K75: Not Covered
A76: 75 | B76: 18 | C76: Assam(State) | D76: 291 | E76: Kamrup | F76: KAMRUP | G76: Assam(State) | H76: KMP | I76: 06 | J76: 321 | K76: Not Covered
A77: 76 | B77: 18 | C77: Assam(State) | D77: 618 | E77: Kamrup Metro | F77: KAMRUP MOHANAGAR | G77: Assam(State) | H77: KMT | J77: 322 | K77: Not Covered
A78: 77 | B78: 18 | C78: Assam(State) | D78: 292 | E78: Karbi Anglong | F78: KARBI ANGLONG | G78: Assam(State) | H78: KAG | I78: 19 | J78: 314 | K78: Not Covered
A79: 78 | B79: 18 | C79: Assam(State) | D79: 294 | E79: Kokrajhar | F79: KOKRAJHAR | G79: Assam(State) | H79: KKR | I79: 01 | J79: 300 | K79: Not Covered
A80: 79 | B80: 18 | C80: Assam(State) | D80: 295 | E80: Lakhimpur | F80: LAKHIMPUR | G80: Assam(State) | H80: LKP | I80: 12 | J80: 307 | K80: Not Covered
A81: 80 | B81: 18 | C81: Assam(State) | D81: 706 | E81: Majuli | G81: Assam(State) | H81: MJL | J81: 000 | K81: Not Covered
A82: 81 | B82: 18 | C82: Assam(State) | D82: 296 | E82: Marigaon | F82: MARIGAON | G82: Assam(State) | H82: MGN | I82: 09 | J82: 304 | K82: Not Covered
A83: 82 | B83: 18 | C83: Assam(State) | D83: 297 | E83: Nagaon | F83: NAGAON | G83: Assam(State) | H83: NGN | I83: 10 | J83: 305 | K83: Not Covered
A84: 83 | B84: 18 | C84: Assam(State) | D84: 298 | E84: Nalbari | F84: NALBARI | G84: Assam(State) | H84: NLB | I84: 07 | J84: 323 | K84: Not Covered
A85: 84 | B85: 18 | C85: Assam(State) | D85: 300 | E85: Sivasagar | F85: SIVASAGAR | G85: Assam(State) | H85: SVS | I85: 16 | J85: 311 | K85: Not Covered
A86: 85 | B86: 22 | C86: Chhattisgarh(State) | D86: 385 | E86: Mahasamund | F86: महासमुंद | G86: Chhattisgarh(State) | H86: MHS | I86: 12 | J86: 411 | K86: Not Covered
A87: 86 | B87: 18 | C87: Assam(State) | D87: 301 | E87: Sonitpur | F87: SONITPUR | G87: Assam(State) | H87: SON | I87: 11 | J87: 306 | K87: Not Covered
A88: 87 | B88: 18 | C88: Assam(State) | D88: 707 | E88: South Salmara Mancachar | G88: Assam(State) | H88: STH | J88: 000 | K88: Not Covered
A89: 88 | B89: 18 | C89: Assam(State) | D89: 293 | E89: Sribhumi | F89: শ্ৰীভূমি | G89: Assam(State) | H89: KGJ | I89: 22 | J89: 317 | K89: Not Covered
A90: 89 | B90: 18 | C90: Assam(State) | D90: 756 | E90: Tamulpur | G90: Assam(State) | H90: TML | J90: 000 | K90: Not Covered
A91: 90 | B91: 18 | C91: Assam(State) | D91: 302 | E91: Tinsukia | F91: TINSUKIA | G91: Assam(State) | H91: TIN | I91: 14 | J91: 309 | K91: Not Covered
A92: 91 | B92: 18 | C92: Assam(State) | D92: 617 | E92: Udalguri | G92: Assam(State) | H92: UDA | J92: 326 | K92: Not Covered
A93: 92 | B93: 18 | C93: Assam(State) | D93: 710 | E93: West Karbi Anglong | G93: Assam(State) | H93: WST | J93: 000 | K93: Not Covered
A94: 93 | B94: 10 | C94: Bihar(State) | D94: 188 | E94: Araria | F94: अररिया | G94: Bihar(State) | H94: ARA | I94: 07 | J94: 209 | K94: Not Covered
A95: 94 | B95: 10 | C95: Bihar(State) | D95: 611 | E95: Arwal | F95: अरवल | G95: Bihar(State) | H95: ARW | I95: 33 | J95: 240 | K95: Not Covered
A96: 95 | B96: 10 | C96: Bihar(State) | D96: 189 | E96: Aurangabad | F96: औरंगाबाद | G96: Bihar(State) | H96: AGB | I96: 34 | J96: 235 | K96: Not Covered
A97: 96 | B97: 10 | C97: Bihar(State) | D97: 190 | E97: Banka | F97: बांका | G97: Bihar(State) | H97: BNK | I97: 23 | J97: 225 | K97: Not Covered
A98: 97 | B98: 10 | C98: Bihar(State) | D98: 191 | E98: Begusarai | F98: बेगूसराय | G98: Bihar(State) | H98: BSR | I98: 20 | J98: 222 | K98: Not Covered
A99: 98 | B99: 10 | C99: Bihar(State) | D99: 192 | E99: Bhagalpur | F99: भागलपुर | G99: Bihar(State) | H99: BGO | I99: 22 | J99: 224 | K99: Not Covered
A100: 99 | B100: 10 | C100: Bihar(State) | D100: 193 | E100: Bhojpur | F100: भोजपुर | G100: Bihar(State) | H100: BJP | I100: 29 | J100: 231 | K100: Not Covered
...

Sheet udise data
A1: State | B1: District
A2: ANDAMAN & NICOBAR ISLANDS | B2: ANDAMANS
A3: ANDAMAN & NICOBAR ISLANDS | B3: MIDDLE AND NORTH ANDAMANS
A4: ANDAMAN & NICOBAR ISLANDS | B4: NICOBARS
A5: ANDAMAN & NICOBAR ISLANDS | B5: STATE TOTAL
A6: ANDHRA PRADESH | B6: ANAKAPALLI
A7: ANDHRA PRADESH | B7: ANANTAPUR
A8: ANDHRA PRADESH | B8: ANNAMAYYA
A9: ANDHRA PRADESH | B9: ASR
A10: ANDHRA PRADESH | B10: BAPATLA
A11: ANDHRA PRADESH | B11: CHITTOOR
A12: ANDHRA PRADESH | B12: EAST GODAVARI
... A835: WEST BENGAL | B835: UTTAR DINAJPUR

Sheet changes be made
A2: State | B2: District | C2: Remarks
A3: ANDAMAN & NICOBAR ISLANDS | B3: South Andamans
A4: ANDAMAN & NICOBAR ISLANDS | B4: North And Middle Andaman
A5: ANDHRA PRADESH | B5: Ananthapuramu
A6: ANDHRA PRADESH | B6: Y.S.R. Kadapa
A7: ANDHRA PRADESH | B7: Dr. B.R. Ambedkar Konaseema
A8: ANDHRA PRADESH | B8: Parvathipuram Manyam
A9: ANDHRA PRADESH | B9: Sri Potti Sriramulu Nellore
A10: ANDHRA PRADESH | B10: Sri Sathya Sai
A11: ARUNACHAL PRADESH | B11: CAPITAL COMPLEX ITANAGAR | C11: (Administrative Div) located in Papum pare | D11: Merge with Papum Pare
A12: ARUNACHAL PRADESH | B12: Kra Daadi
A13: ARUNACHAL PRADESH | B13: Leparada
A14: ASSAM | B14: Kamrup Metro
A15: ASSAM | B15: Kamrup
A16: ASSAM | B16: Sribhumi
A17: ASSAM | B17: Marigaon
A18: ASSAM | B18: Sivasagar
A19: ASSAM | B19: South Salmara Mancachar
A20: BIHAR | B20: Aurangabad(Bihar)
A21: BIHAR | B21: Purbi Champaran
A22: CHHATTISGARH | B22: Balodabazar-Bhatapara
A23: CHHATTISGARH | B23: Bastar
... A36: DADRA & NAGAR HAVELI AND DAMAN & DIU | B36: Diu
A37: DELHI | B37: NORTH EAST I | C37: Sub Division of Delhi | D37: Merge with North East District
A38: DELHI | B38: NORTH EAST II | C38: Sub Division of Delhi | D38: Merge with North East District
A39: DELHI | B39: NORTH WEST A | C39: Sub Division of Delhi | D39: Merge all North Wests and rename to North West
A40: DELHI | B40: NORTH WEST B | C40: Sub Division of Delhi | D40: Merge all North Wests and rename to North West
A41: DELHI | B41: NORTH WEST B-I | C41: Sub Division of Delhi | D41: Merge all North Wests and rename to North West
A42: DELHI | B42: NORTH WEST B-II | C42: Sub Division of Delhi | D42: Merge all North Wests and rename to North West
A43: DELHI | B43: SOUTH WEST A | C43: Sub Division of Delhi | D43: Merge all South Wests and rename to South West
A44: DELHI | B44: SOUTH WEST B | C44: Sub Division of Delhi | D44: Merge all South Wests and rename to South West
A45: DELHI | B45: SOUTH WEST B-I | C45: Sub Division of Delhi | D45: Merge all South Wests and rename to South West
A46: DELHI | B46: SOUTH WEST B-II | C46: Sub Division of Delhi | D46: Merge all South Wests and rename to South West
A47: DELHI | B47: WEST A | C47: Sub Division of Delhi | D47: Merge all Wests and rename to West
A48: DELHI | B48: WEST B | C48: Sub Division of Delhi | D48: Merge all Wests and rename to West
A49: GUJARAT | B49: Arvalli
A50: GUJARAT | B50: Devbhumi Dwarka
A51: GUJARAT | B51: Dahod
A52: GUJARAT | B52: Dangs
A53: HIMACHAL PRADESH | B53: Bilaspur (H.P.)
A54: HIMACHAL PRADESH | B54: Hamirupur (H.P.)
A55: HIMACHAL PRADESH | B55: Lahaul And Spiti
A56: JAMMU & KASHMIR | B56: Budgam
A57: JAMMU & KASHMIR | B57: Baramulla
A58: JAMMU & KASHMIR | B58: Poonch
A59: JAMMU & KASHMIR | B59: Rajouri
A60: JHARKHAND | B60: Hazaribagh
... A74: KARNATAKA | B74: Bengaluru South
A75: KARNATAKA | B75: TUMAKURU MADHUGIRI | C75: Sub district | D75: Merge with Tumakuru
A76: KARNATAKA | B76: UTTARA KANNADA SIRSI | C76: Sub district | D76: Merge with Uttara Kannada
A77: KARNATAKA | B77: Yadgir
A78: LADAKH | B78: Leh Ladakh
A79: LAKSHADWEEP | B79: Lakshadweep District
A80: MADHYA PRADESH | B80: Agar-Malwa
A81: MADHYA PRADESH | B81: Narmadapuram
A82: MADHYA PRADESH | B82: Khandwa (East Nimar)
A83: MADHYA PRADESH | B83: Khargone (West Nimar)
A84: MAHARASHTRA | B84: Ahilyanagar
A85: MAHARASHTRA | B85: Chhatrapati Sambhajinagar
A86: MAHARASHTRA | B86: Beed
A87: MAHARASHTRA | B87: Buldhana
A88: MAHARASHTRA | B88: Gondia
... A98: ODISHA | B98: Sundargarh
A99: PUDUCHERRY | B99: Mahe | C99: (Sub district) | D99: Merge with Puducherry
A100: PUDUCHERRY | B100: Puducherry
A101: PUDUCHERRY | B101: Yanam | C101: (Sub district) | D101: Merge with Puducherry
A102: PUNJAB | B102: Ferozepur
A103: PUNJAB | B103: S.A.S Nagar
A104: PUNJAB | B104: Sri Muktsar Sahib
A105: PUNJAB | B105: Shahid Bhagat Singh Nagar
A106: PUNJAB | B106: Tarn Taran
A107: RAJASTHAN | B107: ANOOPGARH | C107: (Revoked) | D107: Merge with Ganganagar
A108: RAJASTHAN | B108: Balotra
A109: RAJASTHAN | B109: Chittorgarh
A110: RAJASTHAN | B110: Dholpur
A111: RAJASTHAN | B111: DUDU | C111: (Revoked) | D111: Merge with Jaipur
A112: RAJASTHAN | B112: GANGAPUR CITY | C112: (Revoked) | D112: Merge with Sawai Madhopur
A113: RAJASTHAN | B113: JAIPUR(RURAL) | C113: (Administrative Div) | D113: Merge with Jaipur
A114: RAJASTHAN | B114: Jalore
A115: RAJASTHAN | B115: JODHPUR(RURAL) | C115: (Revoked) | D115: Merge with Jodhpur
A116: RAJASTHAN | B116: KEKRI | C116: (Administrative Div) | D116: Merge with Ajmer
A117: RAJASTHAN | B117: NEEM KA THANA | C117: (Revoked) | D117: Merge with Sikar and Jhunjhunu
A118: RAJASTHAN | B118: Pratapgarh
A119: RAJASTHAN | B119: SANCHORE | C119: (Revoked) | D119: Merge with Jalore
A120: RAJASTHAN | B120: SHAHPURA | C120: (Revoked) | D120: Merge with Bhilwara
A121: TAMILNADU | B121: CHENNAI (EXT. GCC) | C121: (Administrative Div) | D121: Merge with Chennai
A122: TAMILNADU | B122: Sivaganga
A123: TAMILNADU | B123: Thiruvallur
A124: TAMILNADU | B124: Thiruvarur
A125: TELANGANA | B125: Jagitial
A126: TELANGANA | B126: Jangoan
A127: TELANGANA | B127: JAYASHANKAR | C127: same district | D127: Merge with Jayshankar Bhupalpally
A128: TELANGANA | B128: MEDCHAL | C128: same district | D128: Merge with Medchal Malkajgiri
A129: TELANGANA | B129: Narayanpet
A130: TELANGANA | B130: Rajanna Sircilla
A131: TELANGANA | B131: Ranga Reddy
A132: UTTAR PRADESH | B132: Amethi
A133: UTTAR PRADESH | B133: Bara Banki
A134: UTTAR PRADESH | B134: Bhadohi
A135: UTTAR PRADESH | B135: Ayodhya
...

Sheet Sheet1
A1: State Name | B1: State | C1: Districts to be merged | D1: District Name (In English) | E1: Merged Name be given | H1: Renamed
A2: Arunachal Pradesh(State) | B2: ARUNACHAL PRADESH | C2: CAPITAL COMPLEX ITANAGAR | D2: {=PROPER(TRIM(C2:C155))} -> Capital Complex Itanagar | E2: Papum pare
A3: Arunachal Pradesh(State) | B3: ARUNACHAL PRADESH | C3: Papum pare | D3: Papum Pare | E3: Papum pare
A5: Assam(State) | B5: ASSAM | C5: KAMRUP-RURAL | D5: Kamrup-Rural | H5: Kamrup
A6: Assam(State) | B6: ASSAM | C6: KARIMGANJ | D6: Karimganj | H6: Sribhumi
A7: Assam(State) | B7: ASSAM | C7: SIBSAGAR | D7: Sibsagar | H7: Sivasagar
A9: Chhattisgarh(State) | B9: CHHATTISGARH | C9: BALODABAZAR | D9: Balodabazar | H9: Balodabazar-Bhatapara
A10: Chhattisgarh(State) | B10: CHHATTISGARH | C10: BALRAMPUR | D10: Balrampur | H10: Balrampur-Ramanujganj
A11: Chhattisgarh(State) | B11: CHHATTISGARH | C11: DANTEWADA | D11: Dantewada | H11: Dakshin Bastar Dantewada
A12: Chhattisgarh(State) | B12: CHHATTISGARH | C12: GOURELA PENDRA MARVAHI | D12: Gourela Pendra Marvahi | H12: Gaurela-Pendra-Marwahi
A13: Chhattisgarh(State) | B13: CHHATTISGARH | C13: MOHLA-MANPUR-CHOWKI | D13: Mohla-Manpur-Chowki | H13: Mohla-Manpur-Ambagarh Chouki
A14: Chhattisgarh(State) | B14: CHHATTISGARH | C14: KANKER | D14: Kanker | H14: Uttar Bastar Kanker
A15: Chhattisgarh(State) | B15: CHHATTISGARH | C15: KORIYA | D15: Koriya | H15: Korea
A16: Chhattisgarh(State) | B16: CHHATTISGARH | C16: KAWARDHA | D16: Kawardha | H16: Kabeerdham
A18: Gujarat(State) | B18: GUJARAT | C18: DEVBHOOMI DWARKA | D18: Devbhoomi Dwarka | H18: Devbhumi Dwarka
... A29: Jharkhand(State) | B29: JHARKHAND | C29: PASHCHIMI SINGHBHUM | D29: Pashchimi Singhbhum | H29: West Singhbhum
A31: Delhi(State) | B31: DELHI | C31: NORTH EAST | D31: North East | E31: North East
A32: Delhi(State) | B32: DELHI | C32: NORTH EAST I | D32: North East I | E32: North East
A33: Delhi(State) | B33: DELHI | C33: NORTH EAST II | D33: North East Ii | E33: North East
A34: Delhi(State) | B34: DELHI | C34: NORTH WEST A | D34: North West A | E34: North West
A35: Delhi(State) | B35: DELHI | C35: NORTH WEST B | D35: North West B | E35: North West
A36: Delhi(State) | B36: DELHI | C36: NORTH WEST B-I | D36: North West B-I | E36: North West
A37: Delhi(State) | B37: DELHI | C37: NORTH WEST B-II | D37: North West B-Ii | E37: North West
A38: Delhi(State) | B38: DELHI | C38: SOUTH WEST A | D38: South West A | E38: South West
A39: Delhi(State) | B39: DELHI | C39: SOUTH WEST B | D39: South West B | E39: South West
A40: Delhi(State) | B40: DELHI | C40: SOUTH WEST B-I | D40: South West B-I | E40: South West
A41: Delhi(State) | B41: DELHI | C41: SOUTH WEST B-II | D41: South West B-Ii | E41: South West
A42: Delhi(State) | B42: DELHI | C42: WEST A | D42: West A | E42: West
... A53: Karnataka(State) | B53: KARNATAKA | C53: UTTARA KANNADA SIRSI | D53: Uttara Kannada Sirsi | E53: Uttara Kannada
A54: Karnataka(State) | B54: KARNATAKA | C54: RAMANAGARA | D54: Ramanagara | H54: Bengaluru South
A55: Karnataka(State) | B55: KARNATAKA | C55: BAGALKOT | D55: Bagalkot | H55: Bagalkote
A56: Karnataka(State) | B56: KARNATAKA | C56: CHAMARAJANAGARA | D56: Chamarajanagara | H56: Chamarajanagar
A57: Karnataka(State) | B57: KARNATAKA | C57: CHIKKAMANGALURU | D57: Chikkamangaluru | H57: Chikkamagaluru
A58: Karnataka(State) | B58: KARNATAKA | C58: KALBURGI | D58: Kalburgi | H58: Kalaburagi
A59: Karnataka(State) | B59: KARNATAKA | C59: YADAGIRI | D59: Yadagiri | H59: Yadgir
A61: Lakshadweep(State) | B61: LAKSHADWEEP | C61: LAKSHADWEEP | D61: Lakshadweep | H61: Lakshadweep District
A63: Madhya Pradesh(State) | B63: MADHYA PRADESH
A64: Madhya Pradesh(State) | B64: MADHYA PRADESH | C64: HOSHANGABAD | D64: Hoshangabad | H64: Narmadapuram
A65: Madhya Pradesh(State) | B65: MADHYA PRADESH | C65: KHANDWA | D65: Khandwa | H65: Khandwa (East Nimar)
A66: Madhya Pradesh(State) | B66: MADHYA PRADESH | C66: KHARGONE | D66: Khargone | H66: Khargone (West Nimar)
A68: Maharashtra(State) | B68: MAHARASHTRA | C68: BID | D68: Bid | H68: Beed
A69: Maharashtra(State) | B69: MAHARASHTRA | C69: BULDANA | D69: Buldana | H69: Buldhana
A70: Maharashtra(State) | B70: MAHARASHTRA | C70: GONDIYA | D70: Gondiya | H70: Gondia
A71: Maharashtra(State) | B71: MAHARASHTRA | C71: AHMADNAGAR | D71: Ahmadnagar | H71: Ahilyanagar
A72: Maharashtra(State) | B72: MAHARASHTRA | C72: RAIGARH (MAHARASHTRA) | D72: Raigarh (Maharashtra) | H72: Raigad
A73: Maharashtra(State) | B73: MAHARASHTRA
A74: Maharashtra(State) | B74: MAHARASHTRA | C74: AURANGABAD (MAHARASHTRA) | D74: Aurangabad (Maharashtra) | E74: Chhatrapati Sambhajinagar
A75: Maharashtra(State) | B75: MAHARASHTRA | C75: CHHATRAPATI SAMBHAJINAGAR | D75: Chhatrapati Sambhajinagar | E75: Chhatrapati Sambhajinagar
A76: Maharashtra(State) | B76: MAHARASHTRA
A77: Maharashtra(State) | B77: MAHARASHTRA
A78: Maharashtra(State) | B78: MAHARASHTRA | C78: DHARASHIV | D78: Dharashiv | E78: Dharashiv
A79: Maharashtra(State) | B79: MAHARASHTRA | C79: OSMANABAD | D79: Osmanabad | E79: Dharashiv
A80: Maharashtra(State) | B80: MAHARASHTRA
A81: Maharashtra(State) | B81: MAHARASHTRA
A82: Maharashtra(State) | B82: MAHARASHTRA | C82: MUMBAI II | D82: Mumbai Ii | H82: Mumbai
A84: Mizoram(State) | B84: MIZORAM | C84: SAIHA | D84: Saiha | H84: Siaha
A86: Odisha(State) | B86: ODISHA | C86: BARAGARH | D86: Baragarh | H86: Bargarh
A87: Odisha(State) | B87: ODISHA | C87: BOLANGIR | D87: Bolangir | H87: Balangir
A88: Odisha(State) | B88: ODISHA | C88: KHURDHA | D88: Khurdha | H88: Khordha
A90: Punjab(State) | B90: PUNJAB | C90: FIROZPUR | D90: Firozpur | H90: Ferozepur
A91: Punjab(State) | B91: PUNJAB | C91: MOHALI | D91: Mohali | H91: S.A.S Nagar
A92: Punjab(State) | B92: PUNJAB | C92: MUKTSAR | D92: Muktsar | H92: Sri Muktsar Sahib
A93: Punjab(State) | B93: PUNJAB | C93: NAWANSHAHR | D93: Nawanshahr | H93: Shahid Bhagat Singh Nagar
A94: Punjab(State) | B94: PUNJAB | C94: TARAN TARAN | D94: Taran Taran | H94: Tarn Taran
A96: Puducherry(State) | B96: PUDUCHERRY | C96: MAHE | D96: Mahe | E96: Puducherry
A97: Puducherry(State) | B97: PUDUCHERRY | C97: PONDICHERRY | D97: Pondicherry | E97: Puducherry
A98: Puducherry(State) | B98: PUDUCHERRY | C98: YANAM | D98: Yanam | E98: Puducherry
A101: Rajasthan(State) | B101: RAJASTHAN
A102: Rajasthan(State) | B102: RAJASTHAN | C102: DHAULPUR | D102: Dhaulpur | H102: Dholpur
A103: Rajasthan(State) | B103: RAJASTHAN | C103: CHITTAURGARH | D103: Chittaurgarh | H103: Chittorgarh
A104: Rajasthan(State) | B104: RAJASTHAN | C104: BALOTARA | D104: Balotara | H104: Balotra
A105: Rajasthan(State) | B105: RAJASTHAN | C105: AJMER | D105: Ajmer | E105: Ajmer
A106: Rajasthan(State) | B106: RAJASTHAN | C106: KEKRI | D106: Kekri | E106: Ajmer
A107: Rajasthan(State) | B107: RAJASTHAN
A108: Rajasthan(State) | B108: RAJASTHAN | C108: ANOOPGARH | D108: Anoopgarh | E108: Jodhpur
A109: Rajasthan(State) | B109: RAJASTHAN | C109: JODHPUR | D109: Jodhpur | E109: Jodhpur
A110: Rajasthan(State) | B110: RAJASTHAN | C110: JODHPUR(RURAL) | D110: Jodhpur(Rural) | E110: Jodhpur
A111: Rajasthan(State) | B111: RAJASTHAN
A112: Rajasthan(State) | B112: RAJASTHAN | C112: BHILWARA | D112: Bhilwara | E112: Bhilwara
A113: Rajasthan(State) | B113: RAJASTHAN | C113: SHAHPURA | D113: Shahpura | E113: Bhilwara
A114: Rajasthan(State) | B114: RAJASTHAN
A115: Rajasthan(State) | B115: RAJASTHAN | C115: DUDU | D115: Dudu | E115: Jaipur
A116: Rajasthan(State) | B116: RAJASTHAN | C116: JAIPUR | D116: Jaipur | E116: Jaipur
A117: Rajasthan(State) | B117: RAJASTHAN | C117: JAIPUR(RURAL) | D117: Jaipur(Rural) | E117: Jaipur
A118: Rajasthan(State) | B118: RAJASTHAN
A119: Rajasthan(State) | B119: RAJASTHAN | C119: GANGANAGAR | D119: Ganganagar | E119: Ganganagar
A120: Rajasthan(State) | B120: RAJASTHAN | C120: GANGAPUR CITY | D120: Gangapur City | E120: Ganganagar
A121: Rajasthan(State) | B121: RAJASTHAN
A122: Rajasthan(State) | B122: RAJASTHAN | C122: JALOR | D122: Jalor | E122: Jalore
A123: Rajasthan(State) | B123: RAJASTHAN | C123: SANCHORE | D123: Sanchore | E123: Jalore
A124: Rajasthan(State) | B124: RAJASTHAN
A125: Rajasthan(State) | B125: RAJASTHAN | C125: JHUNJHUNU | D125: Jhunjhunu | E125: Jhunjhunu
A126: Rajasthan(State) | B126: RAJASTHAN | C126: NEEM KA THANA | D126: Neem Ka Thana | E126: Sikar
A127: Rajasthan(State) | B127: RAJASTHAN | C127: SIKAR | D127: Sikar
A130: Tamil Nadu(State) | B130: TAMILNADU | C130: CHENNAI | D130: Chennai | E130: Chennai
A131: Tamil Nadu(State) | B131: TAMILNADU | C131: CHENNAI (EXT. GCC) | D131: Chennai (Ext. Gcc) | E131: Chennai
A132: Tamil Nadu(State) | B132: TAMILNADU | C132: SIVAGANGAI | D132: Sivagangai | H132: Sivaganga
A134: Telangana(State) | B134: TELANGANA | C134: JAYASHANKAR | D134: Jayashankar | E134: Jayashankar Bhupalapally
A135: Telangana(State) | B135: TELANGANA | C135: JAYASHANKAR BHUPALAPALLY | D135: Jayashankar Bhupalapally | E135: Jayashankar Bhupalapally
A136: Telangana(State) | B136: TELANGANA
...
